id,sequence
seq0_train,GLFDIIKNIFSGL
seq1_train,FLGALFKVA
seq2_train,IFSAIAGLLSNLL
Sequence_1443_Neg_train,LIEKA
Sequence_1444_Neg_train,TNNHFFYVVKCKDNSWYAGYTNDLHKRVKTHNDGKGAKYTKVRRPVELIFAESFSTKREAMQAEYYFKKL
Sequence_1445_Neg_train,NFVGDRDSFVWKGHDPLQVKGTPIRCEGGFRPDMVVQLSPPAGVTALALQSKWGLMQDSSIRFLESLGVNVSQKLIEKATKDHARFV
Sequence_1446_Neg_train,GLILKVLLAAGDKDG
Sequence_854_Pos_val,MASILELQDLEVERASSAADSNASVWECCSTGSWVPFTCC
Sequence_855_Pos_val,MFDLVATGMAAGVAKTIVNAVSAGMDIATALSLFSGAFTAAGGIMALIKKYAQKKLWKQLIAA
Sequence_856_Pos_val,MFPLKKSLLLLFFLGTINLSFCEEERDVDQDERRDDPGERNVQVEKRLLRHVVKILEKYLGK
Sequence_857_Pos_val,MFTFKKSLLLLFFIGTISLSLCEQERDADEDEGEALEEVKRGLWDTIKQAGKNIFLNVLDKIKCKVAGGCKP
Sequence_1707_Neg_val,LQSIVGKQLGIDP
Sequence_1708_Neg_val,GIPASNLRMALEQLTQLEGRISEVMELLSLQKMEIEELRETKSDLEADNQRLKDDIKSWEEQLSG
Sequence_1709_Neg_val,VKMGETVTVVTEGEDELEAMAAIAEILQSHVDMSNNISKLTFEQSMQRLEEIINDLESGNVELENAINLYSEGIKLQQHCKDK
Sequence_1710_Neg_val,RGEICQRPMVTVTASGEGQITNVFINKQLFDADDNKMLEDLVMAATNDALKKAKEATAYEFQSASGGLDFSEISKMFGGKFGMSDREFGIVKV
Sequence_2973_Pos_test,GFMKYIKPLIPHAVKAIKKLI
Sequence_2974_Pos_test,FPISTLLKWWKG
Sequence_2975_Pos_test,LLRRLLRRLLRR
Sequence_2976_Pos_test,KKLFKKILKVL
Sequence_10767_Neg_test,HIHNTWLITHAMKFFASCAKGLEYLLADELLALGAS
Sequence_10768_Neg_test,HDNKSKNNTFNGAIAYVIPFLLFIFVIRSLI
Sequence_10769_Neg_test,LGDIIESSKYSSNVQYYGSLHNTAHVMLGRQGDPHGKFNLPPG
Sequence_10770_Neg_test,NEGYLQPAGDMSK
